{"cameraMode":{"drawMode":0,"name":"Shaded","section":"Shading Mode"},"sceneLighting":true,"audioPlay":false,"sceneViewState":{"showFog":true,"showMaterialUpdate":false,"showSkybox":true,"showFlares":true,"showImageEffects":true,"showParticleSystems":true},"in2DMode":false,"pivot":{"x":-96.51858520507813,"y":49.940704345703128,"z":-94.63810729980469},"rotation":{"x":0.708136260509491,"y":0.008466863073408604,"z":-0.008499972522258759,"w":0.7060163617134094},"size":8.7098388671875,"orthographic":true}