{"cameraMode":{"drawMode":0,"name":"Shaded","section":"Shading Mode"},"sceneLighting":false,"audioPlay":false,"sceneViewState":{"showFog":true,"showMaterialUpdate":false,"showSkybox":false,"showFlares":true,"showImageEffects":true,"showParticleSystems":true},"in2DMode":false,"pivot":{"x":-86.78118896484375,"y":2.144118309020996,"z":-90.47542572021485},"rotation":{"x":-0.1272994726896286,"y":0.8475385904312134,"z":-0.23548159003257752,"w":-0.45899662375450137},"size":3.883335590362549,"orthographic":true}