{"cameraMode":{"drawMode":0,"name":"Shaded","section":"Shading Mode"},"sceneLighting":false,"audioPlay":false,"sceneViewState":{"showFog":true,"showMaterialUpdate":false,"showSkybox":false,"showFlares":true,"showImageEffects":true,"showParticleSystems":true},"in2DMode":false,"pivot":{"x":-88.22000122070313,"y":0.5669999122619629,"z":-89.83999633789063},"rotation":{"x":-0.07051914930343628,"y":-0.9302903413772583,"z":0.2537311017513275,"w":-0.2566385567188263},"size":0.7520612478256226,"orthographic":true}