{"cameraMode":{"drawMode":0,"name":"Shaded","section":"Shading Mode"},"sceneLighting":true,"audioPlay":false,"sceneViewState":{"showFog":true,"showMaterialUpdate":false,"showSkybox":true,"showFlares":true,"showImageEffects":true,"showParticleSystems":true},"in2DMode":false,"pivot":{"x":-92.40556335449219,"y":0.1298389434814453,"z":-96.54273223876953},"rotation":{"x":0.3672650456428528,"y":-0.4203416705131531,"z":0.19119901955127717,"w":0.8073980212211609},"size":24.720653533935548,"orthographic":true}