{"cameraMode":{"drawMode":0,"name":"Shaded","section":"Shading Mode"},"sceneLighting":true,"audioPlay":false,"sceneViewState":{"showFog":true,"showMaterialUpdate":false,"showSkybox":true,"showFlares":true,"showImageEffects":true,"showParticleSystems":true},"in2DMode":false,"pivot":{"x":-96.76409149169922,"y":1.6211045980453492,"z":-96.76748657226563},"rotation":{"x":0.13537393510341645,"y":-0.8443998694419861,"z":0.25232604146003725,"w":0.4528677463531494},"size":6.825198650360107,"orthographic":true}