{"cameraMode":{"drawMode":0,"name":"Shaded","section":"Shading Mode"},"sceneLighting":true,"audioPlay":false,"sceneViewState":{"showFog":true,"showMaterialUpdate":false,"showSkybox":true,"showFlares":true,"showImageEffects":true,"showParticleSystems":true},"in2DMode":false,"pivot":{"x":-97.47782135009766,"y":2.4360265731811525,"z":-96.8801498413086},"rotation":{"x":0.5690948367118836,"y":-0.00123645830899477,"z":0.0008496993687003851,"w":0.8222813606262207},"size":6.056687831878662,"orthographic":true}