{"cameraMode":{"drawMode":0,"name":"Shaded","section":"Shading Mode"},"sceneLighting":true,"audioPlay":false,"sceneViewState":{"showFog":true,"showMaterialUpdate":false,"showSkybox":true,"showFlares":true,"showImageEffects":true,"showParticleSystems":true},"in2DMode":false,"pivot":{"x":5.701476097106934,"y":-2.5025062561035158,"z":2.031249761581421},"rotation":{"x":0.13292084634304048,"y":-0.8617861270904541,"z":0.3951643407344818,"w":0.29012227058410647},"size":6.342460632324219,"orthographic":true}