{"cameraMode":{"drawMode":0,"name":"Shaded","section":"Shading Mode"},"sceneLighting":false,"audioPlay":false,"sceneViewState":{"showFog":true,"showMaterialUpdate":false,"showSkybox":false,"showFlares":true,"showImageEffects":true,"showParticleSystems":true},"in2DMode":false,"pivot":{"x":-0.1653526872396469,"y":-0.24522161483764649,"z":0.1430525779724121},"rotation":{"x":-0.15258148312568665,"y":0.04060432314872742,"z":-0.0062738326378166679,"w":-0.9874393939971924},"size":0.8660253882408142,"orthographic":false}