{"cameraMode":{"drawMode":0,"name":"Shaded","section":"Shading Mode"},"sceneLighting":false,"audioPlay":false,"sceneViewState":{"showFog":true,"showMaterialUpdate":false,"showSkybox":true,"showFlares":true,"showImageEffects":true,"showParticleSystems":true},"in2DMode":false,"pivot":{"x":48.59256362915039,"y":66.46761322021485,"z":52.3326416015625},"rotation":{"x":-0.3140609562397003,"y":0.6355408430099487,"z":-0.31670475006103518,"w":-0.6302192211151123},"size":98.33961486816406,"orthographic":true}