{"cameraMode":{"drawMode":0,"name":"Shaded","section":"Shading Mode"},"sceneLighting":true,"audioPlay":false,"sceneViewState":{"showFog":true,"showMaterialUpdate":false,"showSkybox":true,"showFlares":true,"showImageEffects":true,"showParticleSystems":true},"in2DMode":false,"pivot":{"x":11.250249862670899,"y":91.40438079833985,"z":21.750629425048829},"rotation":{"x":-0.4852968752384186,"y":0.5140814781188965,"z":-0.482107013463974,"w":-0.5174875259399414},"size":7.749945163726807,"orthographic":true}